{"adhirasam": 0, "aloo_gobi": 1, "aloo_matar": 2, "aloo_methi": 3, "aloo_shimla_mirch": 4, "aloo_tikki": 5, "anarsa": 6, "ariselu": 7, "bandar_laddu": 8, "basundi": 9, "bhatura": 10, "bhindi_masala": 11, "biryani": 12, "boondi": 13, "butter_chicken": 14, "chak_hao_kheer": 15, "cham_cham": 16, "chana_masala": 17, "chapati": 18, "chhena_kheeri": 19, "chicken_razala": 20, "chicken_tikka": 21, "chicken_tikka_masala": 22, "chikki": 23, "daal_baati_churma": 24, "daal_puri": 25, "dal_makhani": 26, "dal_tadka": 27, "dharwad_pedha": 28, "doodhpak": 29, "dosa": 30, "double_ka_meetha": 31, "dum_aloo": 32, "gajar_ka_halwa": 33, "gavvalu": 34, "ghevar": 35, "gulab_jamun": 36, "idli": 37, "imarti": 38, "jalebi": 39, "kachori": 40, "kadai_paneer": 41, "kadhi_pakoda": 42, "kajjikaya": 43, "kakinada_khaja": 44, "kalakand": 45, "karela_bharta": 46, "kofta": 47, "kuzhi_paniyaram": 48, "lassi": 49, "ledikeni": 50, "litti_chokha": 51, "lyangcha": 52, "maach_jhol": 53, "makki_di_roti_sarson_da_saag": 54, "malapua": 55, "misi_roti": 56, "misti_doi": 57, "modak": 58, "muruku": 59, "mysore_pak": 60, "naan": 61, "navrattan_korma": 62, "palak_paneer": 63, "paneer_butter_masala": 64, "phirni": 65, "pithe": 66, "poha": 67, "poornalu": 68, "pootharekulu": 69, "puliogare": 70, "qubani_ka_meetha": 71, "rabri": 72, "ras_malai": 73, "rasgulla": 74, "sandesh": 75, "shankarpali": 76, "sheer_korma": 77, "sheera": 78, "shrikhand": 79, "sohan_halwa": 80, "sohan_papdi": 81, "sutar_feni": 82, "unni_appam": 83, "vada": 84}